platform,track_name,artist,primary_genre,popularity
Amazon Music,Bohemian Rhapsody,Queen,Rock,98
Amazon Music,Moonlight Sonata,Beethoven,Classical,95
Amazon Music,Unforgettable,Nat King Cole,Jazz,95
Apple Music,Golden Age,The Beatles,Rock,95
Apple Music,Cinematic,Hans Zimmer,Classical,94
Apple Music,Eclipse,Linkin Park,Rock,93
SoundCloud,Beatbox Battle,Unknown,Beatboxing,70
Spotify,Under Pressure,Queen,Rock,97
Spotify,Lose Yourself,Eminem,Rap,96
Spotify,Happy,Pharrell Williams,Pop,95
YouTube,Nocturne,Chopin,Classical,95
YouTube,Bollywood Beat,AR Rahman,Bollywood,94
YouTube,Dancing Feet,Lady Gaga,Pop,94
